Run,Classifier,Parameters,is_fit,Acc,Precision,Recall,F1
1,SVC,{'C': 5},True,0.9969480512502414,0.9969542678524099,0.9969480512502414,0.9969170202566329
2,SVC,{'C': 10},True,0.9971006519477067,0.9971068284848814,0.9971006519477067,0.9970773618676061
3,SVC,{'C': 20},True,0.9974821414664549,0.9974900950395156,0.9974821414664549,0.9974595261708107
